{"domains": ["geo", "resident", "house", "relation", "income", "transport", "app", "behave"], "exclude": ["build_time", "room_num", "rel_1", "rel_2", "rel_3", "rel_4", "rel_5", "rel_6", "rel_7", "rel_8", "rel_9", "rel_10"], "std_keys": ["prefecture", "city_area", "city_class", "grid_type", "res_size", "avg_age", "child_num", "elderly_num", "double_window", "build_type", "build_space", "heat_room_num", "if_single", "if_couple", "if_single_elderly", "if_couple_kids", "if_couple_elderly", "if_others", "if_big_family", "if_single_kids", "res_income", "res_income_percap", "car_num", "nev_num", "dist_all", "drive_freq", "car_avg_fuel", "tv_num", "fridge_num", "ac_num", "app_1", "app_2", "app_3", "app_4", "app_5", "app_6", "app_7", "app_8", "app_9", "app_10", "app_11", "app_12", "app_13", "app_14", "app_15", "app_16", "app_17", "app_18", "app_19", "app_20", "app_21", "heater_1", "heater_2", "heater_3", "heater_4", "heater_5", "heater_6", "heater_7", "light_type", "app_variety", "app_intensity", "avg_app_age", "daytime_at_home", "ener_saving_rate", "tv_time", "ac_time", "light_time", "heat_time"], "lasso_param": {"min_weight": 0.04, "dep_var": "emits_per", "alpha_range": [0.001, 0.002, 0.003, 0.004, 0.005, 0.006, 0.007, 0.008, 0.009000000000000001, 0.010000000000000002, 0.011, 0.012, 0.013000000000000001, 0.014000000000000002, 0.015, 0.016, 0.017, 0.018000000000000002, 0.019000000000000003, 0.02, 0.021, 0.022000000000000002, 0.023, 0.024, 0.025, 0.026000000000000002, 0.027000000000000003, 0.028, 0.029, 0.030000000000000002, 0.031, 0.032, 0.033, 0.034, 0.035, 0.036000000000000004, 0.037000000000000005, 0.038, 0.039, 0.04, 0.041, 0.042, 0.043000000000000003, 0.044000000000000004, 0.045, 0.046, 0.047, 0.048, 0.049, 0.05, 0.051000000000000004, 0.052000000000000005, 0.053000000000000005, 0.054, 0.055, 0.056, 0.057, 0.058, 0.059000000000000004, 0.060000000000000005, 0.061, 0.062, 0.063, 0.064, 0.065, 0.066, 0.067, 0.068, 0.069, 0.07, 0.07100000000000001, 0.07200000000000001, 0.07300000000000001, 0.074, 0.075, 0.076, 0.077, 0.078, 0.079, 0.08, 0.081, 0.082, 0.083, 0.084, 0.085, 0.08600000000000001, 0.08700000000000001, 0.08800000000000001, 0.089, 0.09, 0.091, 0.092, 0.093, 0.094, 0.095, 0.096, 0.097, 0.098, 0.099, 0.1], "max_iteration": 10000}, "selected_vars": ["drive_freq", "car_num", "dist_all", "if_single_elderly", "heat_time", "if_single", "heater_4", "build_space", "fridge_num", "heater_6", "heat_room_num", "app_13", "city_class", "avg_age", "tv_time", "if_others", "ac_num", "double_window", "elderly_num", "heater_3", "if_couple_kids", "build_type", "ener_saving_rate", "prefecture", "res_size"]}